id,model_id,system_date,run_time_sec,run_id,start_time,end_time
1,1,2019-04-17,1500,6tGKlAAzz,1555550000,1555550000
2,2,2019-04-17,1500,6tGKlAAzz,1555550000,1555550000
3,3,2019-04-17,1500,6tGKlAAzz,1555550000,1555550000
4,4,2019-04-17,1500,6tGKlAAzz,1555550000,1555550000
5,5,2019-04-17,1000,d5nTmwyIp,1555540000,1555540000
6,6,2019-04-17,1000,d5nTmwyIp,1555540000,1555540000
7,7,2019-04-17,1000,d5nTmwyIp,1555540000,1555540000
8,8,2019-04-17,1000,d5nTmwyIp,1555540000,1555540000
9,9,2019-04-17,1000,d5nTmwyIp,1555540000,1555540000
10,10,2019-04-17,1000,d5nTmwyIp,1555540000,1555540000
11,11,2019-04-22,2000,cg2qaOzf0,1555980000,1555980000
12,12,2019-04-22,2000,cg2qaOzf0,1555980000,1555980000
13,13,2019-04-22,2000,cg2qaOzf0,1555980000,1555980000
14,14,2019-04-22,2000,cg2qaOzf0,1555980000,1555980000
15,16,2019-04-22,2000,cg2qaOzf0,1555980000,1555980000
16,16,2019-04-22,2000,cg2qaOzf0,1555980000,1555980000
